tgon	kmer
150325	AAAAA
113586	AAAAC
120464	AAAAG
62529	AAAAT
113321	AAACA
62413	AAACC
110588	AAACG
64879	AAACT
132120	AAAGA
85211	AAAGC
90767	AAAGG
61978	AAAGT
51134	AAATA
58545	AAATC
72310	AAATG
41909	AAATT
81227	AACAA
73086	AACAC
96555	AACAG
53757	AACAT
49240	AACCA
34829	AACCC
51290	AACCG
45027	AACCT
86024	AACGA
89374	AACGC
65243	AACGG
53335	AACGT
25019	AACTA
69399	AACTC
73673	AACTG
49015	AACTT
161268	AAGAA
97898	AAGAC
133893	AAGAG
51842	AAGAT
92729	AAGCA
61685	AAGCC
88083	AAGCG
57517	AAGCT
104344	AAGGA
84487	AAGGC
59640	AAGGG
50103	AAGGT
34005	AAGTA
63540	AAGTC
65235	AAGTG
49224	AAGTT
29125	AATAA
35143	AATAC
23701	AATAG
38570	AATAT
41121	AATCA
42521	AATCC
46500	AATCG
43212	AATCT
46016	AATGA
59851	AATGC
43311	AATGG
47469	AATGT
18494	AATTA
48434	AATTC
32800	AATTG
42052	AATTT
97099	ACAAA
69290	ACAAC
79416	ACAAG
36528	ACAAT
116440	ACACA
68592	ACACC
71019	ACACG
61988	ACACT
133786	ACAGA
92528	ACAGC
79037	ACAGG
66798	ACAGT
60445	ACATA
61306	ACATC
73291	ACATG
47313	ACATT
43738	ACCAA
53327	ACCAC
56172	ACCAG
35861	ACCAT
39144	ACCCA
37228	ACCCC
39413	ACCCG
40919	ACCCT
53822	ACCGA
56465	ACCGC
44146	ACCGG
46026	ACCGT
24299	ACCTA
64043	ACCTC
62437	ACCTG
49340	ACCTT
99551	ACGAA
71099	ACGAC
87710	ACGAG
41261	ACGAT
92512	ACGCA
67773	ACGCC
89917	ACGCG
59799	ACGCT
74012	ACGGA
64205	ACGGC
48227	ACGGG
46328	ACGGT
38917	ACGTA
60430	ACGTC
52546	ACGTG
53301	ACGTT
17947	ACTAA
30238	ACTAC
20133	ACTAG
19459	ACTAT
50664	ACTCA
59912	ACTCC
70028	ACTCG
68384	ACTCT
57461	ACTGA
78565	ACTGC
59675	ACTGG
67020	ACTGT
18869	ACTTA
75145	ACTTC
56684	ACTTG
62642	ACTTT
177697	AGAAA
92925	AGAAC
181887	AGAAG
55382	AGAAT
133301	AGACA
54756	AGACC
119074	AGACG
65782	AGACT
210791	AGAGA
93010	AGAGC
125511	AGAGG
67964	AGAGT
48183	AGATA
50219	AGATC
74482	AGATG
42856	AGATT
78333	AGCAA
60840	AGCAC
109333	AGCAG
52849	AGCAT
56569	AGCCA
34096	AGCCC
66448	AGCCG
57063	AGCCT
99530	AGCGA
72970	AGCGC
67340	AGCGG
60691	AGCGT
25890	AGCTA
64502	AGCTC
87872	AGCTG
57184	AGCTT
129594	AGGAA
66445	AGGAC
117086	AGGAG
43066	AGGAT
87210	AGGCA
55190	AGGCC
105841	AGGCG
57344	AGGCT
80401	AGGGA
48170	AGGGC
53611	AGGGG
40322	AGGGT
35431	AGGTA
51741	AGGTC
67963	AGGTG
44697	AGGTT
25882	AGTAA
29831	AGTAC
31081	AGTAG
27314	AGTAT
49839	AGTCA
50809	AGTCC
70908	AGTCG
65420	AGTCT
61432	AGTGA
60404	AGTGC
59305	AGTGG
61397	AGTGT
22127	AGTTA
70273	AGTTC
59468	AGTTG
65314	AGTTT
43007	ATAAA
22668	ATAAC
21158	ATAAG
20115	ATAAT
73093	ATACA
26186	ATACC
37124	ATACG
27442	ATACT
39606	ATAGA
20440	ATAGC
21596	ATAGG
19480	ATAGT
221677	ATATA
38641	ATATC
59750	ATATG
38853	ATATT
41960	ATCAA
38736	ATCAC
41469	ATCAG
31305	ATCAT
51440	ATCCA
37307	ATCCC
43637	ATCCG
43358	ATCCT
57975	ATCGA
47833	ATCGC
36392	ATCGG
41084	ATCGT
34156	ATCTA
63126	ATCTC
66787	ATCTG
51734	ATCTT
63247	ATGAA
38870	ATGAC
46113	ATGAG
31482	ATGAT
104802	ATGCA
50182	ATGCC
71259	ATGCG
52598	ATGCT
58946	ATGGA
43698	ATGGC
32299	ATGGG
35704	ATGGT
62769	ATGTA
56881	ATGTC
69695	ATGTG
53426	ATGTT
16568	ATTAA
18028	ATTAC
13754	ATTAG
20001	ATTAT
53576	ATTCA
49343	ATTCC
53900	ATTCG
55688	ATTCT
33569	ATTGA
37109	ATTGC
26584	ATTGG
36224	ATTGT
32755	ATTTA
72103	ATTTC
56432	ATTTG
63527	ATTTT
90232	CAAAA
76205	CAAAC
84620	CAAAG
56903	CAAAT
76161	CAACA
44809	CAACC
68421	CAACG
59394	CAACT
88060	CAAGA
68952	CAAGC
64206	CAAGG
56655	CAAGT
24187	CAATA
36979	CAATC
39965	CAATG
33164	CAATT
76870	CACAA
96277	CACAC
102285	CACAG
69264	CACAT
64096	CACCA
55690	CACCC
67800	CACCG
67788	CACCT
69506	CACGA
69999	CACGC
57554	CACGG
52269	CACGT
24959	CACTA
71436	CACTC
80985	CACTG
66441	CACTT
126306	CAGAA
100315	CAGAC
135346	CAGAG
66831	CAGAT
97426	CAGCA
72190	CAGCC
101437	CAGCG
87279	CAGCT
86779	CAGGA
82060	CAGGC
61327	CAGGG
62470	CAGGT
33554	CAGTA
74468	CAGTC
80720	CAGTG
74030	CAGTT
25834	CATAA
44512	CATAC
25375	CATAG
59614	CATAT
51584	CATCA
57435	CATCC
61533	CATCG
74612	CATCT
48964	CATGA
104021	CATGC
47850	CATGG
74297	CATGT
18940	CATTA
66429	CATTC
40013	CATTG
72949	CATTT
54172	CCAAA
46758	CCAAC
56148	CCAAG
26902	CCAAT
75622	CCACA
62767	CCACC
63290	CCACG
59528	CCACT
79971	CCAGA
74464	CCAGC
60606	CCAGG
59894	CCAGT
26019	CCATA
53665	CCATC
48452	CCATG
43965	CCATT
37116	CCCAA
48685	CCCAC
57453	CCCAG
32901	CCCAT
49443	CCCCA
56133	CCCCC
54687	CCCCG
54180	CCCCT
47476	CCCGA
60722	CCCGC
39144	CCCGG
48182	CCCGT
20972	CCCTA
81084	CCCTC
61553	CCCTG
60247	CCCTT
63026	CCGAA
62939	CCGAC
72105	CCGAG
35737	CCGAT
69561	CCGCA
76976	CCGCC
82689	CCGCG
67235	CCGCT
55673	CCGGA
57590	CCGGC
39221	CCGGG
43962	CCGGT
30360	CCGTA
80071	CCGTC
57016	CCGTG
64936	CCGTT
19481	CCTAA
33349	CCTAC
22175	CCTAG
21862	CCTAT
68369	CCTCA
101115	CCTCC
101937	CCTCG
125909	CCTCT
58604	CCTGA
94308	CCTGC
60697	CCTGG
79506	CCTGT
20058	CCTTA
123305	CCTTC
64179	CCTTG
90137	CCTTT
106491	CGAAA
72600	CGAAC
119197	CGAAG
53982	CGAAT
92185	CGACA
58319	CGACC
105596	CGACG
70742	CGACT
125178	CGAGA
75507	CGAGC
102403	CGAGG
69774	CGAGT
30889	CGATA
43672	CGATC
61440	CGATG
45851	CGATT
66073	CGCAA
62771	CGCAC
113905	CGCAG
71249	CGCAT
71611	CGCCA
58038	CGCCC
96449	CGCCG
105715	CGCCT
97779	CGCGA
95054	CGCGC
82966	CGCGG
89288	CGCGT
25793	CGCTA
84526	CGCTC
101030	CGCTG
87847	CGCTT
79822	CGGAA
54775	CGGAC
93093	CGGAG
43516	CGGAT
73124	CGGCA
55822	CGGCC
96858	CGGCG
66899	CGGCT
60637	CGGGA
41023	CGGGC
54667	CGGGG
39681	CGGGT
29420	CGGTA
52209	CGGTC
67801	CGGTG
51895	CGGTT
25748	CGTAA
41700	CGTAC
40184	CGTAG
37549	CGTAT
61865	CGTCA
74150	CGTCC
104690	CGTCG
118426	CGTCT
57035	CGTGA
57592	CGTGC
62774	CGTGG
71228	CGTGT
23445	CGTTA
91270	CGTTC
68736	CGTTG
110235	CGTTT
29851	CTAAA
19668	CTAAC
18030	CTAAG
13949	CTAAT
48090	CTACA
32967	CTACC
39995	CTACG
31426	CTACT
31307	CTAGA
24462	CTAGC
22012	CTAGG
20005	CTAGT
21533	CTATA
31104	CTATC
25490	CTATG
23416	CTATT
58649	CTCAA
66146	CTCAC
74167	CTCAG
46423	CTCAT
96329	CTCCA
90033	CTCCC
92180	CTCCG
116967	CTCCT
98459	CTCGA
115136	CTCGC
71498	CTCGG
87763	CTCGT
40021	CTCTA
187936	CTCTC
135158	CTCTG
133835	CTCTT
87340	CTGAA
56963	CTGAC
74008	CTGAG
41127	CTGAT
120998	CTGCA
92896	CTGCC
113569	CTGCG
109676	CTGCT
90550	CTGGA
70857	CTGGC
56682	CTGGG
56090	CTGGT
52184	CTGTA
120901	CTGTC
102917	CTGTG
96710	CTGTT
18297	CTTAA
27767	CTTAC
18179	CTTAG
21333	CTTAT
94371	CTTCA
127625	CTTCC
117670	CTTCG
181413	CTTCT
60395	CTTGA
81357	CTTGC
56148	CTTGG
78986	CTTGT
30118	CTTTA
134367	CTTTC
85282	CTTTG
121086	CTTTT
164782	GAAAA
126723	GAAAC
134555	GAAAG
71670	GAAAT
88809	GAACA
56063	GAACC
91357	GAACG
70329	GAACT
200321	GAAGA
124199	GAAGC
123470	GAAGG
74430	GAAGT
36476	GAATA
61422	GAATC
65438	GAATG
48361	GAATT
85084	GACAA
90683	GACAC
121165	GACAG
57037	GACAT
44690	GACCA
43064	GACCC
52107	GACCG
51760	GACCT
109802	GACGA
109644	GACGC
79649	GACGG
60892	GACGT
22941	GACTA
75860	GACTC
74839	GACTG
63693	GACTT
180762	GAGAA
140718	GAGAC
187949	GAGAG
63030	GAGAT
83811	GAGCA
58774	GAGCC
84998	GAGCG
64808	GAGCT
138507	GAGGA
114242	GAGGC
81060	GAGGG
62920	GAGGT
31692	GAGTA
75758	GAGTC
71632	GAGTG
69241	GAGTT
28067	GATAA
40518	GATAC
30443	GATAG
38720	GATAT
33648	GATCA
44146	GATCC
43901	GATCG
50131	GATCT
58442	GATGA
72225	GATGC
53314	GATGG
60364	GATGT
16283	GATTA
61302	GATTC
36532	GATTG
58442	GATTT
91009	GCAAA
73068	GCAAC
81701	GCAAG
37239	GCAAT
85749	GCACA
61045	GCACC
57781	GCACG
60440	GCACT
142255	GCAGA
121129	GCAGC
94187	GCAGG
78641	GCAGT
42740	GCATA
71860	GCATC
104138	GCATG
60701	GCATT
48839	GCCAA
67139	GCCAC
71336	GCCAG
43483	GCCAT
41350	GCCCA
46210	GCCCC
41015	GCCCG
48505	GCCCT
72095	GCCGA
97964	GCCGC
58150	GCCGG
64082	GCCGT
25165	GCCTA
113638	GCCTC
81954	GCCTG
84129	GCCTT
107146	GCGAA
99627	GCGAC
114854	GCGAG
46993	GCGAT
78251	GCGCA
88940	GCGCC
94458	GCGCG
73343	GCGCT
81678	GCGGA
98355	GCGGC
61062	GCGGG
56875	GCGGT
41202	GCGTA
109503	GCGTC
69541	GCGTG
89262	GCGTT
19451	GCTAA
36724	GCTAC
24356	GCTAG
20457	GCTAT
49846	GCTCA
74521	GCTCC
75229	GCTCG
92198	GCTCT
70664	GCTGA
121700	GCTGC
74746	GCTGG
92576	GCTGT
21908	GCTTA
123360	GCTTC
68481	GCTTG
85266	GCTTT
126158	GGAAA
77985	GGAAC
126890	GGAAG
49281	GGAAT
66574	GGACA
41385	GGACC
73633	GGACG
50872	GGACT
160631	GGAGA
75017	GGAGC
100846	GGAGG
59745	GGAGT
31755	GGATA
44165	GGATC
56758	GGATG
42480	GGATT
68432	GGCAA
59170	GGCAC
92357	GGCAG
50022	GGCAT
42969	GGCCA
33033	GGCCC
55562	GGCCG
55335	GGCCT
98196	GGCGA
88683	GGCGC
77361	GGCGG
67239	GGCGT
21649	GGCTA
59023	GGCTC
72652	GGCTG
61394	GGCTT
84668	GGGAA
50192	GGGAC
89627	GGGAG
37372	GGGAT
50355	GGGCA
33064	GGGCC
57397	GGGCG
34123	GGGCT
74788	GGGGA
45563	GGGGC
55359	GGGGG
37168	GGGGT
23280	GGGTA
42807	GGGTC
55043	GGGTG
34481	GGGTT
27680	GGTAA
32350	GGTAC
32852	GGTAG
26118	GGTAT
37197	GGTCA
41457	GGTCC
58137	GGTCG
54982	GGTCT
62242	GGTGA
61694	GGTGC
62328	GGTGG
68678	GGTGT
16750	GGTTA
56075	GGTTC
45333	GGTTG
62145	GGTTT
40098	GTAAA
26782	GTAAC
27747	GTAAG
17983	GTAAT
57090	GTACA
32403	GTACC
41554	GTACG
29994	GTACT
52298	GTAGA
36395	GTAGC
33051	GTAGG
30445	GTAGT
44240	GTATA
40316	GTATC
44606	GTATG
35231	GTATT
53196	GTCAA
61358	GTCAC
56540	GTCAG
39033	GTCAT
61640	GTCCA
50140	GTCCC
54838	GTCCG
66673	GTCCT
92434	GTCGA
99178	GTCGC
62837	GTCGG
71220	GTCGT
33930	GTCTA
140548	GTCTC
100229	GTCTG
97244	GTCTT
81792	GTGAA
61449	GTGAC
65483	GTGAG
38703	GTGAT
82317	GTGCA
59366	GTGCC
63023	GTGCG
61585	GTGCT
91198	GTGGA
66819	GTGGC
47696	GTGGG
53783	GTGGT
57762	GTGTA
90666	GTGTC
96888	GTGTG
73422	GTGTT
20385	GTTAA
26548	GTTAC
19607	GTTAG
22125	GTTAT
62774	GTTCA
77409	GTTCC
72888	GTTCG
93037	GTTCT
59523	GTTGA
74306	GTTGC
46780	GTTGG
69201	GTTGT
34427	GTTTA
127426	GTTTC
75789	GTTTG
113113	GTTTT
41547	TAAAA
34686	TAAAC
30431	TAAAG
32804	TAAAT
26326	TAACA
17099	TAACC
23611	TAACG
22502	TAACT
24398	TAAGA
21651	TAAGC
20133	TAAGG
18929	TAAGT
14741	TAATA
16410	TAATC
18934	TAATG
18342	TAATT
39154	TACAA
57994	TACAC
52150	TACAG
62297	TACAT
31076	TACCA
23120	TACCC
29265	TACCG
35557	TACCT
34284	TACGA
40984	TACGC
30325	TACGG
38693	TACGT
14862	TACTA
32291	TACTC
33224	TACTG
34187	TACTT
39559	TAGAA
33987	TAGAC
40087	TAGAG
34039	TAGAT
27392	TAGCA
21534	TAGCC
26021	TAGCG
25846	TAGCT
26560	TAGGA
24797	TAGGC
20487	TAGGG
24338	TAGGT
14852	TAGTA
23213	TAGTC
24957	TAGTG
24681	TAGTT
23927	TATAA
43678	TATAC
21597	TATAG
222011	TATAT
27117	TATCA
31641	TATCC
31354	TATCG
47850	TATCT
26292	TATGA
42737	TATGC
26177	TATGG
60642	TATGT
14638	TATTA
36335	TATTC
24143	TATTG
51373	TATTT
65685	TCAAA
59675	TCAAC
60608	TCAAG
33623	TCAAT
66880	TCACA
62967	TCACC
57233	TCACG
61873	TCACT
72790	TCAGA
70213	TCAGC
58811	TCAGG
57440	TCAGT
26127	TCATA
58336	TCATC
49255	TCATG
46360	TCATT
54290	TCCAA
92061	TCCAC
89969	TCCAG
59859	TCCAT
46220	TCCCA
74865	TCCCC
60410	TCCCG
80253	TCCCT
60409	TCCGA
81304	TCCGC
55006	TCCGG
74094	TCCGT
26435	TCCTA
138556	TCCTC
87170	TCCTG
103973	TCCTT
82552	TCGAA
93180	TCGAC
98195	TCGAG
57856	TCGAT
73680	TCGCA
98122	TCGCC
98010	TCGCG
98819	TCGCT
59844	TCGGA
72553	TCGGC
47497	TCGGG
54162	TCGGT
34704	TCGTA
109116	TCGTC
69522	TCGTG
86184	TCGTT
24618	TCTAA
52174	TCTAC
31123	TCTAG
39766	TCTAT
76518	TCTCA
159965	TCTCC
125664	TCTCG
210460	TCTCT
72709	TCTGA
142567	TCTGC
79067	TCTGG
133598	TCTGT
24742	TCTTA
199267	TCTTC
87539	TCTTG
132813	TCTTT
87386	TGAAA
63053	TGAAC
94443	TGAAG
53054	TGAAT
61904	TGACA
37159	TGACC
61688	TGACG
49942	TGACT
75860	TGAGA
48859	TGAGC
67971	TGAGG
50838	TGAGT
26913	TGATA
33776	TGATC
51659	TGATG
41368	TGATT
70180	TGCAA
82241	TGCAC
120625	TGCAG
105320	TGCAT
59653	TGCCA
51919	TGCCC
73834	TGCCG
86763	TGCCT
73121	TGCGA
78290	TGCGC
70305	TGCGG
92276	TGCGT
27654	TGCTA
83737	TGCTC
98130	TGCTG
92589	TGCTT
86221	TGGAA
61047	TGGAC
96433	TGGAG
51203	TGGAT
59287	TGGCA
42827	TGGCC
71383	TGGCG
56346	TGGCT
46028	TGGGA
40182	TGGGC
49248	TGGGG
38438	TGGGT
30868	TGGTA
45009	TGGTC
64138	TGGTG
49234	TGGTT
33305	TGTAA
57163	TGTAC
48071	TGTAG
73401	TGTAT
61220	TGTCA
66871	TGTCC
91939	TGTCG
133131	TGTCT
66719	TGTGA
86600	TGTGC
75093	TGTGG
117429	TGTGT
26347	TGTTA
88493	TGTTC
76268	TGTTG
113056	TGTTT
26512	TTAAA
20423	TTAAC
18177	TTAAG
16378	TTAAT
33320	TTACA
27462	TTACC
25622	TTACG
25704	TTACT
24464	TTAGA
19496	TTAGC
19521	TTAGG
17773	TTAGT
23768	TTATA
27896	TTATC
26001	TTATG
28995	TTATT
65793	TTCAA
82717	TTCAC
87073	TTCAG
63318	TTCAT
86776	TTCCA
84274	TTCCC
80157	TTCCG
129124	TTCCT
82917	TTCGA
106481	TTCGC
63335	TTCGG
99462	TTCGT
39575	TTCTA
180989	TTCTC
125770	TTCTG
161546	TTCTT
65558	TTGAA
53409	TTGAC
57920	TTGAG
42408	TTGAT
70256	TTGCA
69729	TTGCC
66142	TTGCG
78249	TTGCT
54206	TTGGA
48463	TTGGC
37216	TTGGG
43671	TTGGT
39216	TTGTA
84715	TTGTC
76344	TTGTG
80611	TTGTT
26242	TTTAA
39763	TTTAC
29715	TTTAG
43201	TTTAT
88179	TTTCA
125955	TTTCC
107735	TTTCG
177741	TTTCT
65808	TTTGA
91599	TTTGC
54034	TTTGG
96466	TTTGT
41626	TTTTA
165705	TTTTC
90393	TTTTG
151420	TTTTT