pfal	kmer
472242	AAAAA
44547	AAAAC
75252	AAAAG
213150	AAAAT
54186	AAACA
12009	AAACC
10831	AAACG
20023	AAACT
71411	AAAGA
10845	AAAGC
27199	AAAGG
30967	AAAGT
231689	AAATA
31162	AAATC
70366	AAATG
120652	AAATT
59862	AACAA
13691	AACAC
11539	AACAG
52490	AACAT
14417	AACCA
4060	AACCC
2094	AACCG
10110	AACCT
10600	AACGA
1709	AACGC
3040	AACGG
8240	AACGT
18954	AACTA
6586	AACTC
6313	AACTG
23744	AACTT
86610	AAGAA
10601	AAGAC
16340	AAGAG
38592	AAGAT
12901	AAGCA
2682	AAGCC
2130	AAGCG
7805	AAGCT
28256	AAGGA
3678	AAGGC
7738	AAGGG
14974	AAGGT
29605	AAGTA
5838	AAGTC
11932	AAGTG
24095	AAGTT
225857	AATAA
36341	AATAC
29173	AATAG
225782	AATAT
33851	AATCA
10921	AATCC
6468	AATCG
20624	AATCT
65609	AATGA
10671	AATGC
19615	AATGG
48348	AATGT
112329	AATTA
34324	AATTC
29830	AATTG
119885	AATTT
64704	ACAAA
16283	ACAAC
14645	ACAAG
40072	ACAAT
23086	ACACA
5631	ACACC
3077	ACACG
7901	ACACT
11098	ACAGA
3534	ACAGC
4311	ACAGG
6539	ACAGT
70856	ACATA
14283	ACATC
18926	ACATG
48629	ACATT
14674	ACCAA
6502	ACCAC
4113	ACCAG
17501	ACCAT
4838	ACCCA
2158	ACCCC
818	ACCCG
4116	ACCCT
2129	ACCGA
580	ACCGC
648	ACCGG
2068	ACCGT
10825	ACCTA
4121	ACCTC
4694	ACCTG
15086	ACCTT
11844	ACGAA
2763	ACGAC
2296	ACGAG
8521	ACGAT
2225	ACGCA
699	ACGCC
414	ACGCG
1460	ACGCT
2960	ACGGA
757	ACGGC
801	ACGGG
2014	ACGGT
7497	ACGTA
2424	ACGTC
3178	ACGTG
8246	ACGTT
18837	ACTAA
10615	ACTAC
5143	ACTAG
25349	ACTAT
6826	ACTCA
3260	ACTCC
1438	ACTCG
6205	ACTCT
5875	ACTGA
2311	ACTGC
2583	ACTGG
6481	ACTGT
20130	ACTTA
10178	ACTTC
9432	ACTTG
30894	ACTTT
73704	AGAAA
13413	AGAAC
25874	AGAAG
39590	AGAAT
10367	AGACA
3819	AGACC
3054	AGACG
3578	AGACT
13462	AGAGA
3158	AGAGC
6620	AGAGG
6137	AGAGT
37298	AGATA
7041	AGATC
17972	AGATG
20359	AGATT
10671	AGCAA
4218	AGCAC
4125	AGCAG
11761	AGCAT
3279	AGCCA
973	AGCCC
644	AGCCG
2090	AGCCT
2109	AGCGA
565	AGCGC
710	AGCGG
1498	AGCGT
7780	AGCTA
2872	AGCTC
4011	AGCTG
7726	AGCTT
25784	AGGAA
4652	AGGAC
7872	AGGAG
15856	AGGAT
3627	AGGCA
956	AGGCC
860	AGGCG
2121	AGGCT
6192	AGGGA
1150	AGGGC
2966	AGGGG
4003	AGGGT
13460	AGGTA
4938	AGGTC
6602	AGGTG
10402	AGGTT
27028	AGTAA
8910	AGTAC
10487	AGTAG
24503	AGTAT
5954	AGTCA
2182	AGTCC
1560	AGTCG
3751	AGTCT
10553	AGTGA
2991	AGTGC
4797	AGTGG
8196	AGTGT
18593	AGTTA
8344	AGTTC
9211	AGTTG
19741	AGTTT
214200	ATAAA
36359	ATAAC
34603	ATAAG
219494	ATAAT
63845	ATACA
14181	ATACC
8282	ATACG
24738	ATACT
30736	ATAGA
7605	ATAGC
12061	ATAGG
25585	ATAGT
552141	ATATA
46463	ATATC
85684	ATATG
224945	ATATT
36373	ATCAA
14199	ATCAC
9283	ATCAG
68267	ATCAT
17307	ATCCA
4507	ATCCC
2529	ATCCG
15994	ATCCT
7345	ATCGA
1577	ATCGC
2013	ATCGG
8577	ATCGT
25452	ATCTA
8875	ATCTC
10399	ATCTG
38009	ATCTT
75605	ATGAA
12485	ATGAC
13483	ATGAG
67960	ATGAT
15658	ATGCA
3799	ATGCC
2283	ATGCG
11663	ATGCT
23430	ATGGA
3811	ATGGC
6727	ATGGG
17624	ATGGT
64096	ATGTA
11959	ATGTC
23429	ATGTG
52414	ATGTT
106989	ATTAA
33812	ATTAC
22916	ATTAG
221647	ATTAT
44221	ATTCA
14941	ATTCC
8626	ATTCG
39119	ATTCT
26741	ATTGA
7252	ATTGC
11013	ATTGG
40356	ATTGT
147625	ATTTA
46268	ATTTC
47344	ATTTG
210865	ATTTT
65023	CAAAA
12126	CAAAC
12061	CAAAG
46965	CAAAT
20141	CAACA
4508	CAACC
2888	CAACG
8791	CAACT
14293	CAAGA
3363	CAAGC
5232	CAAGG
9259	CAAGT
38084	CAATA
7280	CAATC
10509	CAATG
29079	CAATT
17992	CACAA
7590	CACAC
2877	CACAG
23384	CACAT
7968	CACCA
2172	CACCC
964	CACCG
6283	CACCT
2656	CACGA
772	CACGC
753	CACGG
3240	CACGT
8397	CACTA
2985	CACTC
2668	CACTG
11632	CACTT
14435	CAGAA
2220	CAGAC
2435	CAGAG
10052	CAGAT
5040	CAGCA
1034	CAGCC
627	CAGCG
4129	CAGCT
5115	CAGGA
868	CAGGC
1286	CAGGG
4501	CAGGT
6691	CAGTA
1569	CAGTC
2644	CAGTG
6214	CAGTT
49639	CATAA
16627	CATAC
8576	CATAG
85001	CATAT
28552	CATCA
8161	CATCC
3771	CATCG
17719	CATCT
15222	CATGA
4697	CATGC
5775	CATGG
18976	CATGT
47166	CATTA
16304	CATTC
10527	CATTG
70639	CATTT
17401	CCAAA
4786	CCAAC
4113	CCAAG
11092	CCAAT
7550	CCACA
3345	CCACC
1109	CCACG
4509	CCACT
4129	CCAGA
1524	CCAGC
1653	CCAGG
2627	CCAGT
19034	CCATA
6997	CCATC
5841	CCATG
18982	CCATT
4783	CCCAA
2332	CCCAC
1216	CCCAG
6752	CCCAT
2826	CCCCA
2267	CCCCC
406	CCCCG
2888	CCCCT
818	CCCGA
289	CCCGC
260	CCCGG
828	CCCGT
3115	CCCTA
2201	CCCTC
1337	CCCTG
7555	CCCTT
2838	CCGAA
612	CCGAC
514	CCGAG
2011	CCGAT
810	CCGCA
367	CCGCC
151	CCGCG
726	CCGCT
727	CCGGA
209	CCGGC
260	CCGGG
670	CCGGT
1787	CCGTA
832	CCGTC
777	CCGTG
2941	CCGTT
9260	CCTAA
4009	CCTAC
2161	CCTAG
11642	CCTAT
5601	CCTCA
3762	CCTCC
1020	CCTCG
6167	CCTCT
4473	CCTGA
1649	CCTGC
1614	CCTGG
4218	CCTGT
13336	CCTTA
8744	CCTTC
5238	CCTTG
27035	CCTTT
10963	CGAAA
2807	CGAAC
3622	CGAAG
8430	CGAAT
2982	CGACA
817	CGACC
1013	CGACG
1582	CGACT
1980	CGAGA
724	CGAGC
1035	CGAGG
1375	CGAGT
7446	CGATA
1915	CGATC
3654	CGATG
6542	CGATT
1765	CGCAA
1053	CGCAC
583	CGCAG
2404	CGCAT
820	CGCCA
362	CGCCC
243	CGCCG
766	CGCCT
339	CGCGA
167	CGCGC
184	CGCGG
368	CGCGT
1304	CGCTA
720	CGCTC
645	CGCTG
2116	CGCTT
2764	CGGAA
694	CGGAC
930	CGGAG
2532	CGGAT
984	CGGCA
213	CGGCC
262	CGGCG
615	CGGCT
799	CGGGA
185	CGGGC
408	CGGGG
792	CGGGT
1857	CGGTA
489	CGGTC
960	CGGTG
2090	CGGTT
5626	CGTAA
2436	CGTAC
1885	CGTAG
8251	CGTAT
3623	CGTCA
1267	CGTCC
970	CGTCG
2935	CGTCT
2228	CGTGA
962	CGTGC
1232	CGTGG
3125	CGTGT
6575	CGTTA
3455	CGTTC
2946	CGTTG
10779	CGTTT
22189	CTAAA
7356	CTAAC
5379	CTAAG
22562	CTAAT
12298	CTACA
3959	CTACC
1878	CTACG
10352	CTACT
5211	CTAGA
2627	CTAGC
2071	CTAGG
5300	CTAGT
30182	CTATA
8236	CTATC
8435	CTATG
28965	CTATT
7861	CTCAA
2806	CTCAC
2157	CTCAG
13274	CTCAT
6154	CTCCA
1824	CTCCC
841	CTCCG
7618	CTCCT
1791	CTCGA
515	CTCGC
536	CTCGG
2278	CTCGT
6583	CTCTA
3675	CTCTC
2437	CTCTG
16195	CTCTT
10696	CTGAA
2099	CTGAC
2223	CTGAG
9193	CTGAT
4125	CTGCA
990	CTGCC
660	CTGCG
4109	CTGCT
3788	CTGGA
636	CTGGC
1176	CTGGG
3992	CTGGT
8798	CTGTA
2463	CTGTC
2926	CTGTG
11531	CTGTT
22196	CTTAA
8585	CTTAC
5390	CTTAG
34633	CTTAT
21558	CTTCA
8238	CTTCC
3566	CTTCG
24209	CTTCT
10149	CTTGA
2936	CTTGC
4235	CTTGG
14571	CTTGT
34644	CTTTA
17508	CTTTC
12023	CTTTG
75301	CTTTT
90000	GAAAA
13036	GAAAC
18260	GAAAG
46785	GAAAT
22194	GAACA
5226	GAACC
3459	GAACG
8113	GAACT
35890	GAAGA
5015	GAAGC
8896	GAAGG
10846	GAAGT
46087	GAATA
10254	GAATC
16544	GAATG
34801	GAATT
12937	GACAA
3506	GACAC
2417	GACAG
11974	GACAT
4282	GACCA
1364	GACCC
483	GACCG
4365	GACCT
4979	GACGA
688	GACGC
858	GACGG
2466	GACGT
4480	GACTA
1465	GACTC
1489	GACTG
5760	GACTT
18270	GAGAA
2464	GAGAC
3808	GAGAG
8976	GAGAT
4702	GAGCA
1015	GAGCC
696	GAGCG
2860	GAGCT
9320	GAGGA
1272	GAGGC
2218	GAGGG
4504	GAGGT
6618	GAGTA
1532	GAGTC
3010	GAGTG
6485	GAGTT
48787	GATAA
10922	GATAC
8232	GATAG
46446	GATAT
12514	GATCA
4207	GATCC
1864	GATCG
7180	GATCT
32228	GATGA
4498	GATGC
7059	GATGG
14174	GATGT
23534	GATTA
10197	GATTC
7437	GATTG
31085	GATTT
12146	GCAAA
3796	GCAAC
3215	GCAAG
7249	GCAAT
6477	GCACA
2272	GCACC
980	GCACG
2955	GCACT
3773	GCAGA
2158	GCAGC
1629	GCAGG
2196	GCAGT
13646	GCATA
4498	GCATC
4752	GCATG
11033	GCATT
3237	GCCAA
1303	GCCAC
692	GCCAG
3555	GCCAT
1433	GCCCA
639	GCCCC
191	GCCCG
1115	GCCCT
697	GCCGA
371	GCCGC
254	GCCGG
660	GCCGT
1789	GCCTA
1199	GCCTC
861	GCCTG
3631	GCCTT
2463	GCGAA
656	GCGAC
463	GCGAG
1662	GCGAT
866	GCGCA
311	GCGCC
164	GCGCG
583	GCGCT
818	GCGGA
386	GCGGC
315	GCGGG
554	GCGGT
1544	GCGTA
727	GCGTC
794	GCGTG
1739	GCGTT
6122	GCTAA
3027	GCTAC
2710	GCTAG
7764	GCTAT
3541	GCTCA
1860	GCTCC
745	GCTCG
3165	GCTCT
3659	GCTGA
2066	GCTGC
1514	GCTGG
3626	GCTGT
6291	GCTTA
4887	GCTTC
3273	GCTTG
10675	GCTTT
28088	GGAAA
6015	GGAAC
8404	GGAAG
15170	GGAAT
5937	GGACA
2058	GGACC
1287	GGACG
2246	GGACT
7712	GGAGA
1894	GGAGC
3988	GGAGG
3261	GGAGT
16931	GGATA
4293	GGATC
7975	GGATG
10955	GGATT
3419	GGCAA
1580	GGCAC
1022	GGCAG
3974	GGCAT
1128	GGCCA
462	GGCCC
218	GGCCG
993	GGCCT
862	GGCGA
343	GGCGC
397	GGCGG
737	GGCGT
2365	GGCTA
914	GGCTC
1129	GGCTG
2623	GGCTT
8518	GGGAA
1429	GGGAC
1956	GGGAG
4541	GGGAT
1671	GGGCA
483	GGGCC
344	GGGCG
967	GGGCT
3489	GGGGA
655	GGGGC
2159	GGGGG
2079	GGGGT
4172	GGGTA
1308	GGGTC
2171	GGGTG
3905	GGGTT
12670	GGTAA
5235	GGTAC
3897	GGTAG
13757	GGTAT
3787	GGTCA
2290	GGTCC
866	GGTCG
4071	GGTCT
6386	GGTGA
2305	GGTGC
3573	GGTGG
5768	GGTGT
9050	GGTTA
5397	GGTTC
4549	GGTTG
11888	GGTTT
34280	GTAAA
8676	GTAAC
8362	GTAAG
34187	GTAAT
16758	GTACA
5454	GTACC
2439	GTACG
9076	GTACT
10879	GTAGA
3018	GTAGC
4110	GTAGG
10809	GTAGT
46509	GTATA
10879	GTATC
16419	GTATG
35757	GTATT
7155	GTCAA
2877	GTCAC
2048	GTCAG
12843	GTCAT
4622	GTCCA
1511	GTCCC
621	GTCCG
4869	GTCCT
2367	GTCGA
630	GTCGC
629	GTCGG
2935	GTCGT
5530	GTCTA
2420	GTCTC
2230	GTCTG
11102	GTCTT
13713	GTGAA
3044	GTGAC
2912	GTGAG
14329	GTGAT
5852	GTGCA
1550	GTGCC
1028	GTGCG
4345	GTGCT
6474	GTGGA
1322	GTGGC
2257	GTGGG
6912	GTGGT
15008	GTGTA
3662	GTGTC
7531	GTGTG
13919	GTGTT
22672	GTTAA
8986	GTTAC
7419	GTTAG
36263	GTTAT
17095	GTTCA
5965	GTTCC
2967	GTTCG
13558	GTTCT
11897	GTTGA
3851	GTTGC
4988	GTTGG
16661	GTTGT
27122	GTTTA
12509	GTTTC
12270	GTTTG
44539	GTTTT
178118	TAAAA
27344	TAAAC
34846	TAAAG
146947	TAAAT
41059	TAACA
8940	TAACC
6413	TAACG
18670	TAACT
30559	TAAGA
6296	TAAGC
13321	TAAGG
20396	TAAGT
201304	TAATA
23169	TAATC
46827	TAATG
111828	TAATT
44919	TACAA
14914	TACAC
8646	TACAG
64830	TACAT
16122	TACCA
4335	TACCC
1884	TACCG
13971	TACCT
7190	TACGA
1628	TACGC
1880	TACGG
7401	TACGT
28115	TACTA
6690	TACTC
6779	TACTG
29499	TACTT
33264	TAGAA
5536	TAGAC
6793	TAGAG
25046	TAGAT
8132	TAGCA
2253	TAGCC
1430	TAGCG
7597	TAGCT
11473	TAGGA
1746	TAGGC
3071	TAGGG
11422	TAGGT
28017	TAGTA
4507	TAGTC
8955	TAGTG
19099	TAGTT
180394	TATAA
47154	TATAC
30010	TATAG
552054	TATAT
53209	TATCA
17048	TATCC
7408	TATCG
37207	TATCT
56451	TATGA
13535	TATGC
19142	TATGG
70407	TATGT
202337	TATTA
46093	TATTC
37558	TATTG
230497	TATTT
41915	TCAAA
11463	TCAAC
10168	TCAAG
26538	TCAAT
14734	TCACA
6137	TCACC
2255	TCACG
10319	TCACT
10143	TCAGA
3613	TCAGC
4177	TCAGG
5760	TCAGT
56310	TCATA
32425	TCATC
15148	TCATG
65989	TCATT
14699	TCCAA
6377	TCCAC
3913	TCCAG
23047	TCCAT
5983	TCCCA
3320	TCCCC
779	TCCCG
6090	TCCCT
2330	TCCGA
814	TCCGC
704	TCCGG
2781	TCCGT
11351	TCCTA
9032	TCCTC
5064	TCCTG
28087	TCCTT
8678	TCGAA
2363	TCGAC
1842	TCGAG
7365	TCGAT
1904	TCGCA
814	TCGCC
329	TCGCG
2014	TCGCT
2415	TCGGA
722	TCGGC
809	TCGGG
2159	TCGGT
7368	TCGTA
4811	TCGTC
2798	TCGTG
10830	TCGTT
23273	TCTAA
10841	TCTAC
5196	TCTAG
31063	TCTAT
10129	TCTCA
7557	TCTCC
1917	TCTCG
13353	TCTCT
10202	TCTGA
3858	TCTGC
3881	TCTGG
11390	TCTGT
31047	TCTTA
33761	TCTTC
13946	TCTTG
70889	TCTTT
55337	TGAAA
16763	TGAAC
22745	TGAAG
44507	TGAAT
11551	TGACA
3797	TGACC
3635	TGACG
5786	TGACT
10362	TGAGA
3498	TGAGC
5667	TGAGG
6875	TGAGT
52710	TGATA
12518	TGATC
28360	TGATG
34397	TGATT
10554	TGCAA
5834	TGCAC
4026	TGCAG
15793	TGCAT
3560	TGCCA
1579	TGCCC
877	TGCCG
3627	TGCCT
1935	TGCGA
849	TGCGC
782	TGCGG
2202	TGCGT
8173	TGCTA
4803	TGCTC
5083	TGCTG
12660	TGCTT
20617	TGGAA
4752	TGGAC
6094	TGGAG
17226	TGGAT
3715	TGGCA
1149	TGGCC
873	TGGCG
3329	TGGCT
5962	TGGGA
1476	TGGGC
2851	TGGGG
4687	TGGGT
16074	TGGTA
4286	TGGTC
8297	TGGTG
14495	TGGTT
40190	TGTAA
17143	TGTAC
12547	TGTAG
63063	TGTAT
11561	TGTCA
5883	TGTCC
3164	TGTCG
10523	TGTCT
14831	TGTGA
6515	TGTGC
7363	TGTGG
23034	TGTGT
41122	TGTTA
22388	TGTTC
20687	TGTTG
54055	TGTTT
116593	TTAAA
22688	TTAAC
22228	TTAAG
106885	TTAAT
40406	TTACA
12707	TTACC
5500	TTACG
26908	TTACT
23814	TTAGA
6159	TTAGC
9468	TTAGG
18881	TTAGT
180736	TTATA
49295	TTATC
49001	TTATG
226799	TTATT
38706	TTCAA
13560	TTCAC
10206	TTCAG
75487	TTCAT
19952	TTCCA
8328	TTCCC
2637	TTCCG
25050	TTCCT
8742	TTCGA
2339	TTCGC
2928	TTCGG
12018	TTCGT
32806	TTCTA
17982	TTCTC
14262	TTCTG
84331	TTCTT
39349	TTGAA
7142	TTGAC
7773	TTGAG
36517	TTGAT
10571	TTGCA
3304	TTGCC
1798	TTGCG
10602	TTGCT
15001	TTGGA
3297	TTGGC
4818	TTGGG
14622	TTGGT
45043	TTGTA
13043	TTGTC
17850	TTGTG
60407	TTGTT
116545	TTTAA
34138	TTTAC
22594	TTTAG
213294	TTTAT
55063	TTTCA
26820	TTTCC
10866	TTTCG
72488	TTTCT
41991	TTTGA
12234	TTTGC
17501	TTTGG
64744	TTTGT
177152	TTTTA
88944	TTTTC
64838	TTTTG
467361	TTTTT