pfal	kmer	tgon
472242	AAAAA	150325
44547	AAAAC	113586
75252	AAAAG	120464
213150	AAAAT	62529
54186	AAACA	113321
12009	AAACC	62413
10831	AAACG	110588
20023	AAACT	64879
71411	AAAGA	132120
10845	AAAGC	85211
27199	AAAGG	90767
30967	AAAGT	61978
231689	AAATA	51134
31162	AAATC	58545
70366	AAATG	72310
120652	AAATT	41909
59862	AACAA	81227
13691	AACAC	73086
11539	AACAG	96555
52490	AACAT	53757
14417	AACCA	49240
4060	AACCC	34829
2094	AACCG	51290
10110	AACCT	45027
10600	AACGA	86024
1709	AACGC	89374
3040	AACGG	65243
8240	AACGT	53335
18954	AACTA	25019
6586	AACTC	69399
6313	AACTG	73673
23744	AACTT	49015
86610	AAGAA	161268
10601	AAGAC	97898
16340	AAGAG	133893
38592	AAGAT	51842
12901	AAGCA	92729
2682	AAGCC	61685
2130	AAGCG	88083
7805	AAGCT	57517
28256	AAGGA	104344
3678	AAGGC	84487
7738	AAGGG	59640
14974	AAGGT	50103
29605	AAGTA	34005
5838	AAGTC	63540
11932	AAGTG	65235
24095	AAGTT	49224
225857	AATAA	29125
36341	AATAC	35143
29173	AATAG	23701
225782	AATAT	38570
33851	AATCA	41121
10921	AATCC	42521
6468	AATCG	46500
20624	AATCT	43212
65609	AATGA	46016
10671	AATGC	59851
19615	AATGG	43311
48348	AATGT	47469
112329	AATTA	18494
34324	AATTC	48434
29830	AATTG	32800
119885	AATTT	42052
64704	ACAAA	97099
16283	ACAAC	69290
14645	ACAAG	79416
40072	ACAAT	36528
23086	ACACA	116440
5631	ACACC	68592
3077	ACACG	71019
7901	ACACT	61988
11098	ACAGA	133786
3534	ACAGC	92528
4311	ACAGG	79037
6539	ACAGT	66798
70856	ACATA	60445
14283	ACATC	61306
18926	ACATG	73291
48629	ACATT	47313
14674	ACCAA	43738
6502	ACCAC	53327
4113	ACCAG	56172
17501	ACCAT	35861
4838	ACCCA	39144
2158	ACCCC	37228
818	ACCCG	39413
4116	ACCCT	40919
2129	ACCGA	53822
580	ACCGC	56465
648	ACCGG	44146
2068	ACCGT	46026
10825	ACCTA	24299
4121	ACCTC	64043
4694	ACCTG	62437
15086	ACCTT	49340
11844	ACGAA	99551
2763	ACGAC	71099
2296	ACGAG	87710
8521	ACGAT	41261
2225	ACGCA	92512
699	ACGCC	67773
414	ACGCG	89917
1460	ACGCT	59799
2960	ACGGA	74012
757	ACGGC	64205
801	ACGGG	48227
2014	ACGGT	46328
7497	ACGTA	38917
2424	ACGTC	60430
3178	ACGTG	52546
8246	ACGTT	53301
18837	ACTAA	17947
10615	ACTAC	30238
5143	ACTAG	20133
25349	ACTAT	19459
6826	ACTCA	50664
3260	ACTCC	59912
1438	ACTCG	70028
6205	ACTCT	68384
5875	ACTGA	57461
2311	ACTGC	78565
2583	ACTGG	59675
6481	ACTGT	67020
20130	ACTTA	18869
10178	ACTTC	75145
9432	ACTTG	56684
30894	ACTTT	62642
73704	AGAAA	177697
13413	AGAAC	92925
25874	AGAAG	181887
39590	AGAAT	55382
10367	AGACA	133301
3819	AGACC	54756
3054	AGACG	119074
3578	AGACT	65782
13462	AGAGA	210791
3158	AGAGC	93010
6620	AGAGG	125511
6137	AGAGT	67964
37298	AGATA	48183
7041	AGATC	50219
17972	AGATG	74482
20359	AGATT	42856
10671	AGCAA	78333
4218	AGCAC	60840
4125	AGCAG	109333
11761	AGCAT	52849
3279	AGCCA	56569
973	AGCCC	34096
644	AGCCG	66448
2090	AGCCT	57063
2109	AGCGA	99530
565	AGCGC	72970
710	AGCGG	67340
1498	AGCGT	60691
7780	AGCTA	25890
2872	AGCTC	64502
4011	AGCTG	87872
7726	AGCTT	57184
25784	AGGAA	129594
4652	AGGAC	66445
7872	AGGAG	117086
15856	AGGAT	43066
3627	AGGCA	87210
956	AGGCC	55190
860	AGGCG	105841
2121	AGGCT	57344
6192	AGGGA	80401
1150	AGGGC	48170
2966	AGGGG	53611
4003	AGGGT	40322
13460	AGGTA	35431
4938	AGGTC	51741
6602	AGGTG	67963
10402	AGGTT	44697
27028	AGTAA	25882
8910	AGTAC	29831
10487	AGTAG	31081
24503	AGTAT	27314
5954	AGTCA	49839
2182	AGTCC	50809
1560	AGTCG	70908
3751	AGTCT	65420
10553	AGTGA	61432
2991	AGTGC	60404
4797	AGTGG	59305
8196	AGTGT	61397
18593	AGTTA	22127
8344	AGTTC	70273
9211	AGTTG	59468
19741	AGTTT	65314
214200	ATAAA	43007
36359	ATAAC	22668
34603	ATAAG	21158
219494	ATAAT	20115
63845	ATACA	73093
14181	ATACC	26186
8282	ATACG	37124
24738	ATACT	27442
30736	ATAGA	39606
7605	ATAGC	20440
12061	ATAGG	21596
25585	ATAGT	19480
552141	ATATA	221677
46463	ATATC	38641
85684	ATATG	59750
224945	ATATT	38853
36373	ATCAA	41960
14199	ATCAC	38736
9283	ATCAG	41469
68267	ATCAT	31305
17307	ATCCA	51440
4507	ATCCC	37307
2529	ATCCG	43637
15994	ATCCT	43358
7345	ATCGA	57975
1577	ATCGC	47833
2013	ATCGG	36392
8577	ATCGT	41084
25452	ATCTA	34156
8875	ATCTC	63126
10399	ATCTG	66787
38009	ATCTT	51734
75605	ATGAA	63247
12485	ATGAC	38870
13483	ATGAG	46113
67960	ATGAT	31482
15658	ATGCA	104802
3799	ATGCC	50182
2283	ATGCG	71259
11663	ATGCT	52598
23430	ATGGA	58946
3811	ATGGC	43698
6727	ATGGG	32299
17624	ATGGT	35704
64096	ATGTA	62769
11959	ATGTC	56881
23429	ATGTG	69695
52414	ATGTT	53426
106989	ATTAA	16568
33812	ATTAC	18028
22916	ATTAG	13754
221647	ATTAT	20001
44221	ATTCA	53576
14941	ATTCC	49343
8626	ATTCG	53900
39119	ATTCT	55688
26741	ATTGA	33569
7252	ATTGC	37109
11013	ATTGG	26584
40356	ATTGT	36224
147625	ATTTA	32755
46268	ATTTC	72103
47344	ATTTG	56432
210865	ATTTT	63527
65023	CAAAA	90232
12126	CAAAC	76205
12061	CAAAG	84620
46965	CAAAT	56903
20141	CAACA	76161
4508	CAACC	44809
2888	CAACG	68421
8791	CAACT	59394
14293	CAAGA	88060
3363	CAAGC	68952
5232	CAAGG	64206
9259	CAAGT	56655
38084	CAATA	24187
7280	CAATC	36979
10509	CAATG	39965
29079	CAATT	33164
17992	CACAA	76870
7590	CACAC	96277
2877	CACAG	102285
23384	CACAT	69264
7968	CACCA	64096
2172	CACCC	55690
964	CACCG	67800
6283	CACCT	67788
2656	CACGA	69506
772	CACGC	69999
753	CACGG	57554
3240	CACGT	52269
8397	CACTA	24959
2985	CACTC	71436
2668	CACTG	80985
11632	CACTT	66441
14435	CAGAA	126306
2220	CAGAC	100315
2435	CAGAG	135346
10052	CAGAT	66831
5040	CAGCA	97426
1034	CAGCC	72190
627	CAGCG	101437
4129	CAGCT	87279
5115	CAGGA	86779
868	CAGGC	82060
1286	CAGGG	61327
4501	CAGGT	62470
6691	CAGTA	33554
1569	CAGTC	74468
2644	CAGTG	80720
6214	CAGTT	74030
49639	CATAA	25834
16627	CATAC	44512
8576	CATAG	25375
85001	CATAT	59614
28552	CATCA	51584
8161	CATCC	57435
3771	CATCG	61533
17719	CATCT	74612
15222	CATGA	48964
4697	CATGC	104021
5775	CATGG	47850
18976	CATGT	74297
47166	CATTA	18940
16304	CATTC	66429
10527	CATTG	40013
70639	CATTT	72949
17401	CCAAA	54172
4786	CCAAC	46758
4113	CCAAG	56148
11092	CCAAT	26902
7550	CCACA	75622
3345	CCACC	62767
1109	CCACG	63290
4509	CCACT	59528
4129	CCAGA	79971
1524	CCAGC	74464
1653	CCAGG	60606
2627	CCAGT	59894
19034	CCATA	26019
6997	CCATC	53665
5841	CCATG	48452
18982	CCATT	43965
4783	CCCAA	37116
2332	CCCAC	48685
1216	CCCAG	57453
6752	CCCAT	32901
2826	CCCCA	49443
2267	CCCCC	56133
406	CCCCG	54687
2888	CCCCT	54180
818	CCCGA	47476
289	CCCGC	60722
260	CCCGG	39144
828	CCCGT	48182
3115	CCCTA	20972
2201	CCCTC	81084
1337	CCCTG	61553
7555	CCCTT	60247
2838	CCGAA	63026
612	CCGAC	62939
514	CCGAG	72105
2011	CCGAT	35737
810	CCGCA	69561
367	CCGCC	76976
151	CCGCG	82689
726	CCGCT	67235
727	CCGGA	55673
209	CCGGC	57590
260	CCGGG	39221
670	CCGGT	43962
1787	CCGTA	30360
832	CCGTC	80071
777	CCGTG	57016
2941	CCGTT	64936
9260	CCTAA	19481
4009	CCTAC	33349
2161	CCTAG	22175
11642	CCTAT	21862
5601	CCTCA	68369
3762	CCTCC	101115
1020	CCTCG	101937
6167	CCTCT	125909
4473	CCTGA	58604
1649	CCTGC	94308
1614	CCTGG	60697
4218	CCTGT	79506
13336	CCTTA	20058
8744	CCTTC	123305
5238	CCTTG	64179
27035	CCTTT	90137
10963	CGAAA	106491
2807	CGAAC	72600
3622	CGAAG	119197
8430	CGAAT	53982
2982	CGACA	92185
817	CGACC	58319
1013	CGACG	105596
1582	CGACT	70742
1980	CGAGA	125178
724	CGAGC	75507
1035	CGAGG	102403
1375	CGAGT	69774
7446	CGATA	30889
1915	CGATC	43672
3654	CGATG	61440
6542	CGATT	45851
1765	CGCAA	66073
1053	CGCAC	62771
583	CGCAG	113905
2404	CGCAT	71249
820	CGCCA	71611
362	CGCCC	58038
243	CGCCG	96449
766	CGCCT	105715
339	CGCGA	97779
167	CGCGC	95054
184	CGCGG	82966
368	CGCGT	89288
1304	CGCTA	25793
720	CGCTC	84526
645	CGCTG	101030
2116	CGCTT	87847
2764	CGGAA	79822
694	CGGAC	54775
930	CGGAG	93093
2532	CGGAT	43516
984	CGGCA	73124
213	CGGCC	55822
262	CGGCG	96858
615	CGGCT	66899
799	CGGGA	60637
185	CGGGC	41023
408	CGGGG	54667
792	CGGGT	39681
1857	CGGTA	29420
489	CGGTC	52209
960	CGGTG	67801
2090	CGGTT	51895
5626	CGTAA	25748
2436	CGTAC	41700
1885	CGTAG	40184
8251	CGTAT	37549
3623	CGTCA	61865
1267	CGTCC	74150
970	CGTCG	104690
2935	CGTCT	118426
2228	CGTGA	57035
962	CGTGC	57592
1232	CGTGG	62774
3125	CGTGT	71228
6575	CGTTA	23445
3455	CGTTC	91270
2946	CGTTG	68736
10779	CGTTT	110235
22189	CTAAA	29851
7356	CTAAC	19668
5379	CTAAG	18030
22562	CTAAT	13949
12298	CTACA	48090
3959	CTACC	32967
1878	CTACG	39995
10352	CTACT	31426
5211	CTAGA	31307
2627	CTAGC	24462
2071	CTAGG	22012
5300	CTAGT	20005
30182	CTATA	21533
8236	CTATC	31104
8435	CTATG	25490
28965	CTATT	23416
7861	CTCAA	58649
2806	CTCAC	66146
2157	CTCAG	74167
13274	CTCAT	46423
6154	CTCCA	96329
1824	CTCCC	90033
841	CTCCG	92180
7618	CTCCT	116967
1791	CTCGA	98459
515	CTCGC	115136
536	CTCGG	71498
2278	CTCGT	87763
6583	CTCTA	40021
3675	CTCTC	187936
2437	CTCTG	135158
16195	CTCTT	133835
10696	CTGAA	87340
2099	CTGAC	56963
2223	CTGAG	74008
9193	CTGAT	41127
4125	CTGCA	120998
990	CTGCC	92896
660	CTGCG	113569
4109	CTGCT	109676
3788	CTGGA	90550
636	CTGGC	70857
1176	CTGGG	56682
3992	CTGGT	56090
8798	CTGTA	52184
2463	CTGTC	120901
2926	CTGTG	102917
11531	CTGTT	96710
22196	CTTAA	18297
8585	CTTAC	27767
5390	CTTAG	18179
34633	CTTAT	21333
21558	CTTCA	94371
8238	CTTCC	127625
3566	CTTCG	117670
24209	CTTCT	181413
10149	CTTGA	60395
2936	CTTGC	81357
4235	CTTGG	56148
14571	CTTGT	78986
34644	CTTTA	30118
17508	CTTTC	134367
12023	CTTTG	85282
75301	CTTTT	121086
90000	GAAAA	164782
13036	GAAAC	126723
18260	GAAAG	134555
46785	GAAAT	71670
22194	GAACA	88809
5226	GAACC	56063
3459	GAACG	91357
8113	GAACT	70329
35890	GAAGA	200321
5015	GAAGC	124199
8896	GAAGG	123470
10846	GAAGT	74430
46087	GAATA	36476
10254	GAATC	61422
16544	GAATG	65438
34801	GAATT	48361
12937	GACAA	85084
3506	GACAC	90683
2417	GACAG	121165
11974	GACAT	57037
4282	GACCA	44690
1364	GACCC	43064
483	GACCG	52107
4365	GACCT	51760
4979	GACGA	109802
688	GACGC	109644
858	GACGG	79649
2466	GACGT	60892
4480	GACTA	22941
1465	GACTC	75860
1489	GACTG	74839
5760	GACTT	63693
18270	GAGAA	180762
2464	GAGAC	140718
3808	GAGAG	187949
8976	GAGAT	63030
4702	GAGCA	83811
1015	GAGCC	58774
696	GAGCG	84998
2860	GAGCT	64808
9320	GAGGA	138507
1272	GAGGC	114242
2218	GAGGG	81060
4504	GAGGT	62920
6618	GAGTA	31692
1532	GAGTC	75758
3010	GAGTG	71632
6485	GAGTT	69241
48787	GATAA	28067
10922	GATAC	40518
8232	GATAG	30443
46446	GATAT	38720
12514	GATCA	33648
4207	GATCC	44146
1864	GATCG	43901
7180	GATCT	50131
32228	GATGA	58442
4498	GATGC	72225
7059	GATGG	53314
14174	GATGT	60364
23534	GATTA	16283
10197	GATTC	61302
7437	GATTG	36532
31085	GATTT	58442
12146	GCAAA	91009
3796	GCAAC	73068
3215	GCAAG	81701
7249	GCAAT	37239
6477	GCACA	85749
2272	GCACC	61045
980	GCACG	57781
2955	GCACT	60440
3773	GCAGA	142255
2158	GCAGC	121129
1629	GCAGG	94187
2196	GCAGT	78641
13646	GCATA	42740
4498	GCATC	71860
4752	GCATG	104138
11033	GCATT	60701
3237	GCCAA	48839
1303	GCCAC	67139
692	GCCAG	71336
3555	GCCAT	43483
1433	GCCCA	41350
639	GCCCC	46210
191	GCCCG	41015
1115	GCCCT	48505
697	GCCGA	72095
371	GCCGC	97964
254	GCCGG	58150
660	GCCGT	64082
1789	GCCTA	25165
1199	GCCTC	113638
861	GCCTG	81954
3631	GCCTT	84129
2463	GCGAA	107146
656	GCGAC	99627
463	GCGAG	114854
1662	GCGAT	46993
866	GCGCA	78251
311	GCGCC	88940
164	GCGCG	94458
583	GCGCT	73343
818	GCGGA	81678
386	GCGGC	98355
315	GCGGG	61062
554	GCGGT	56875
1544	GCGTA	41202
727	GCGTC	109503
794	GCGTG	69541
1739	GCGTT	89262
6122	GCTAA	19451
3027	GCTAC	36724
2710	GCTAG	24356
7764	GCTAT	20457
3541	GCTCA	49846
1860	GCTCC	74521
745	GCTCG	75229
3165	GCTCT	92198
3659	GCTGA	70664
2066	GCTGC	121700
1514	GCTGG	74746
3626	GCTGT	92576
6291	GCTTA	21908
4887	GCTTC	123360
3273	GCTTG	68481
10675	GCTTT	85266
28088	GGAAA	126158
6015	GGAAC	77985
8404	GGAAG	126890
15170	GGAAT	49281
5937	GGACA	66574
2058	GGACC	41385
1287	GGACG	73633
2246	GGACT	50872
7712	GGAGA	160631
1894	GGAGC	75017
3988	GGAGG	100846
3261	GGAGT	59745
16931	GGATA	31755
4293	GGATC	44165
7975	GGATG	56758
10955	GGATT	42480
3419	GGCAA	68432
1580	GGCAC	59170
1022	GGCAG	92357
3974	GGCAT	50022
1128	GGCCA	42969
462	GGCCC	33033
218	GGCCG	55562
993	GGCCT	55335
862	GGCGA	98196
343	GGCGC	88683
397	GGCGG	77361
737	GGCGT	67239
2365	GGCTA	21649
914	GGCTC	59023
1129	GGCTG	72652
2623	GGCTT	61394
8518	GGGAA	84668
1429	GGGAC	50192
1956	GGGAG	89627
4541	GGGAT	37372
1671	GGGCA	50355
483	GGGCC	33064
344	GGGCG	57397
967	GGGCT	34123
3489	GGGGA	74788
655	GGGGC	45563
2159	GGGGG	55359
2079	GGGGT	37168
4172	GGGTA	23280
1308	GGGTC	42807
2171	GGGTG	55043
3905	GGGTT	34481
12670	GGTAA	27680
5235	GGTAC	32350
3897	GGTAG	32852
13757	GGTAT	26118
3787	GGTCA	37197
2290	GGTCC	41457
866	GGTCG	58137
4071	GGTCT	54982
6386	GGTGA	62242
2305	GGTGC	61694
3573	GGTGG	62328
5768	GGTGT	68678
9050	GGTTA	16750
5397	GGTTC	56075
4549	GGTTG	45333
11888	GGTTT	62145
34280	GTAAA	40098
8676	GTAAC	26782
8362	GTAAG	27747
34187	GTAAT	17983
16758	GTACA	57090
5454	GTACC	32403
2439	GTACG	41554
9076	GTACT	29994
10879	GTAGA	52298
3018	GTAGC	36395
4110	GTAGG	33051
10809	GTAGT	30445
46509	GTATA	44240
10879	GTATC	40316
16419	GTATG	44606
35757	GTATT	35231
7155	GTCAA	53196
2877	GTCAC	61358
2048	GTCAG	56540
12843	GTCAT	39033
4622	GTCCA	61640
1511	GTCCC	50140
621	GTCCG	54838
4869	GTCCT	66673
2367	GTCGA	92434
630	GTCGC	99178
629	GTCGG	62837
2935	GTCGT	71220
5530	GTCTA	33930
2420	GTCTC	140548
2230	GTCTG	100229
11102	GTCTT	97244
13713	GTGAA	81792
3044	GTGAC	61449
2912	GTGAG	65483
14329	GTGAT	38703
5852	GTGCA	82317
1550	GTGCC	59366
1028	GTGCG	63023
4345	GTGCT	61585
6474	GTGGA	91198
1322	GTGGC	66819
2257	GTGGG	47696
6912	GTGGT	53783
15008	GTGTA	57762
3662	GTGTC	90666
7531	GTGTG	96888
13919	GTGTT	73422
22672	GTTAA	20385
8986	GTTAC	26548
7419	GTTAG	19607
36263	GTTAT	22125
17095	GTTCA	62774
5965	GTTCC	77409
2967	GTTCG	72888
13558	GTTCT	93037
11897	GTTGA	59523
3851	GTTGC	74306
4988	GTTGG	46780
16661	GTTGT	69201
27122	GTTTA	34427
12509	GTTTC	127426
12270	GTTTG	75789
44539	GTTTT	113113
178118	TAAAA	41547
27344	TAAAC	34686
34846	TAAAG	30431
146947	TAAAT	32804
41059	TAACA	26326
8940	TAACC	17099
6413	TAACG	23611
18670	TAACT	22502
30559	TAAGA	24398
6296	TAAGC	21651
13321	TAAGG	20133
20396	TAAGT	18929
201304	TAATA	14741
23169	TAATC	16410
46827	TAATG	18934
111828	TAATT	18342
44919	TACAA	39154
14914	TACAC	57994
8646	TACAG	52150
64830	TACAT	62297
16122	TACCA	31076
4335	TACCC	23120
1884	TACCG	29265
13971	TACCT	35557
7190	TACGA	34284
1628	TACGC	40984
1880	TACGG	30325
7401	TACGT	38693
28115	TACTA	14862
6690	TACTC	32291
6779	TACTG	33224
29499	TACTT	34187
33264	TAGAA	39559
5536	TAGAC	33987
6793	TAGAG	40087
25046	TAGAT	34039
8132	TAGCA	27392
2253	TAGCC	21534
1430	TAGCG	26021
7597	TAGCT	25846
11473	TAGGA	26560
1746	TAGGC	24797
3071	TAGGG	20487
11422	TAGGT	24338
28017	TAGTA	14852
4507	TAGTC	23213
8955	TAGTG	24957
19099	TAGTT	24681
180394	TATAA	23927
47154	TATAC	43678
30010	TATAG	21597
552054	TATAT	222011
53209	TATCA	27117
17048	TATCC	31641
7408	TATCG	31354
37207	TATCT	47850
56451	TATGA	26292
13535	TATGC	42737
19142	TATGG	26177
70407	TATGT	60642
202337	TATTA	14638
46093	TATTC	36335
37558	TATTG	24143
230497	TATTT	51373
41915	TCAAA	65685
11463	TCAAC	59675
10168	TCAAG	60608
26538	TCAAT	33623
14734	TCACA	66880
6137	TCACC	62967
2255	TCACG	57233
10319	TCACT	61873
10143	TCAGA	72790
3613	TCAGC	70213
4177	TCAGG	58811
5760	TCAGT	57440
56310	TCATA	26127
32425	TCATC	58336
15148	TCATG	49255
65989	TCATT	46360
14699	TCCAA	54290
6377	TCCAC	92061
3913	TCCAG	89969
23047	TCCAT	59859
5983	TCCCA	46220
3320	TCCCC	74865
779	TCCCG	60410
6090	TCCCT	80253
2330	TCCGA	60409
814	TCCGC	81304
704	TCCGG	55006
2781	TCCGT	74094
11351	TCCTA	26435
9032	TCCTC	138556
5064	TCCTG	87170
28087	TCCTT	103973
8678	TCGAA	82552
2363	TCGAC	93180
1842	TCGAG	98195
7365	TCGAT	57856
1904	TCGCA	73680
814	TCGCC	98122
329	TCGCG	98010
2014	TCGCT	98819
2415	TCGGA	59844
722	TCGGC	72553
809	TCGGG	47497
2159	TCGGT	54162
7368	TCGTA	34704
4811	TCGTC	109116
2798	TCGTG	69522
10830	TCGTT	86184
23273	TCTAA	24618
10841	TCTAC	52174
5196	TCTAG	31123
31063	TCTAT	39766
10129	TCTCA	76518
7557	TCTCC	159965
1917	TCTCG	125664
13353	TCTCT	210460
10202	TCTGA	72709
3858	TCTGC	142567
3881	TCTGG	79067
11390	TCTGT	133598
31047	TCTTA	24742
33761	TCTTC	199267
13946	TCTTG	87539
70889	TCTTT	132813
55337	TGAAA	87386
16763	TGAAC	63053
22745	TGAAG	94443
44507	TGAAT	53054
11551	TGACA	61904
3797	TGACC	37159
3635	TGACG	61688
5786	TGACT	49942
10362	TGAGA	75860
3498	TGAGC	48859
5667	TGAGG	67971
6875	TGAGT	50838
52710	TGATA	26913
12518	TGATC	33776
28360	TGATG	51659
34397	TGATT	41368
10554	TGCAA	70180
5834	TGCAC	82241
4026	TGCAG	120625
15793	TGCAT	105320
3560	TGCCA	59653
1579	TGCCC	51919
877	TGCCG	73834
3627	TGCCT	86763
1935	TGCGA	73121
849	TGCGC	78290
782	TGCGG	70305
2202	TGCGT	92276
8173	TGCTA	27654
4803	TGCTC	83737
5083	TGCTG	98130
12660	TGCTT	92589
20617	TGGAA	86221
4752	TGGAC	61047
6094	TGGAG	96433
17226	TGGAT	51203
3715	TGGCA	59287
1149	TGGCC	42827
873	TGGCG	71383
3329	TGGCT	56346
5962	TGGGA	46028
1476	TGGGC	40182
2851	TGGGG	49248
4687	TGGGT	38438
16074	TGGTA	30868
4286	TGGTC	45009
8297	TGGTG	64138
14495	TGGTT	49234
40190	TGTAA	33305
17143	TGTAC	57163
12547	TGTAG	48071
63063	TGTAT	73401
11561	TGTCA	61220
5883	TGTCC	66871
3164	TGTCG	91939
10523	TGTCT	133131
14831	TGTGA	66719
6515	TGTGC	86600
7363	TGTGG	75093
23034	TGTGT	117429
41122	TGTTA	26347
22388	TGTTC	88493
20687	TGTTG	76268
54055	TGTTT	113056
116593	TTAAA	26512
22688	TTAAC	20423
22228	TTAAG	18177
106885	TTAAT	16378
40406	TTACA	33320
12707	TTACC	27462
5500	TTACG	25622
26908	TTACT	25704
23814	TTAGA	24464
6159	TTAGC	19496
9468	TTAGG	19521
18881	TTAGT	17773
180736	TTATA	23768
49295	TTATC	27896
49001	TTATG	26001
226799	TTATT	28995
38706	TTCAA	65793
13560	TTCAC	82717
10206	TTCAG	87073
75487	TTCAT	63318
19952	TTCCA	86776
8328	TTCCC	84274
2637	TTCCG	80157
25050	TTCCT	129124
8742	TTCGA	82917
2339	TTCGC	106481
2928	TTCGG	63335
12018	TTCGT	99462
32806	TTCTA	39575
17982	TTCTC	180989
14262	TTCTG	125770
84331	TTCTT	161546
39349	TTGAA	65558
7142	TTGAC	53409
7773	TTGAG	57920
36517	TTGAT	42408
10571	TTGCA	70256
3304	TTGCC	69729
1798	TTGCG	66142
10602	TTGCT	78249
15001	TTGGA	54206
3297	TTGGC	48463
4818	TTGGG	37216
14622	TTGGT	43671
45043	TTGTA	39216
13043	TTGTC	84715
17850	TTGTG	76344
60407	TTGTT	80611
116545	TTTAA	26242
34138	TTTAC	39763
22594	TTTAG	29715
213294	TTTAT	43201
55063	TTTCA	88179
26820	TTTCC	125955
10866	TTTCG	107735
72488	TTTCT	177741
41991	TTTGA	65808
12234	TTTGC	91599
17501	TTTGG	54034
64744	TTTGT	96466
177152	TTTTA	41626
88944	TTTTC	165705
64838	TTTTG	90393
467361	TTTTT	151420
